{"cameraMode":{"drawMode":0,"name":"Shaded","section":"Shading Mode"},"sceneLighting":false,"audioPlay":false,"sceneViewState":{"showFog":true,"showMaterialUpdate":false,"showSkybox":true,"showFlares":true,"showImageEffects":true,"showParticleSystems":true},"in2DMode":false,"pivot":{"x":2.9802322387695315e-8,"y":0.3580000400543213,"z":2.3919999599456789},"rotation":{"x":0.03827454522252083,"y":-0.9418321251869202,"z":0.11499901115894318,"w":0.3134686052799225},"size":1.4289519786834717,"orthographic":false}